Company,Sector,2011 Response status,2010 Response status,Carbon disclosure score,Carbon performance band,Non-Public,Total Emissions1,Scope 1,Scope 2,Scope 3,Scope 3 source type,,,,
3M ,Industrials ,AQ ,AQ ,76,C ,,6250000,4300000,1950000,-,,,,,
A.P. Moller -Maersk ,Industrials ,AQ ,AQ ,74,C ,,39076000,38516000,560000,,,,,,
ABB ,Industrials ,AQ ,AQ ,72,C ,,1469000,714000,755000,645000,Tr,,,,
Abbott Laboratories ,Health Care ,AQ ,AQ ,72,C ,,1609000,838000,771000,1338000,TI Wa Tr EC Ld ,,,,
Accenture ,Information Technology ,AQ ,AQ ,93,B ,,212599,14270,198329,366942,Tr ,,,,
Ace Ltd ,Financials ,AQ ,AQ ,82,B ,,56406,14741,41665,10213,Tr ,,,,
Aflac ,Financials ,AQ ,AQ ,66,E ,,27721,4352,23369,-,,,,,
Air Liquide ,Materials ,AQ ,AQ ,87,B ,,19475000,10181000,9294000,-,Oth ,,,,
Air Products & Chemicals ,Materials ,AQ ,AQ ,92,A ,,23691275,14366791,9324484,97169,Tr TSP ,,,,
Akbank ,Financials ,AQ ,AQ ,72,C ,NP ,-,-,-,-,-,,,,
Alcon ,Health Care ,DP ,DP ,-,-,,-,-,-,-,,,,,
Allergan ,Health Care ,AQ ,AQ ,83,B ,,95299,42674,52625,15296,TI Tr ,,,,
Allianz ,Financials ,AQ ,AQ ,92,A-,,339817,41496,298321,171087,PGS Wa Tr Oth ,,,,
Allstate ,Financials ,AQ ,AQ ,89,C ,,218978,35504,183474,33543,Tr Oth,,,,
Altria Group ,Consumer Staples ,AQ ,AQ ,67,C ,,524631,273437,251194,41799,PGS Tr,,,,
Amazon.com ,Consumer Discretionary ,NR ,DP ,-,-,,-,-,-,-,,,,,
Ambev - Cia. Bebidas das Americas ,Consumer Staples ,AQ ,AQ ,69,C ,,1048442,865202,183240,29886,PGS,,,,
América Móvil ,,NR ,NR ,-,-,,-,-,-,-,,,,,
American Electric Power ,Utilities ,AQ ,AQ ,75,C ,,138294800,138294800,-,1634883,PGS Fu TI Tr,,,,
American Express ,Financials ,AQ ,AQ ,80,C ,,221850.56,32504.01,189346.55,38143,Tr ,,,,
American Tower ,,AQ ,AQ ,63,C ,,144379.34,5819.79,138559.55,8953.97,Tr EC,,,,
Amgen ,Health Care ,AQ ,AQ ,66,E ,,430983,136986,293997,36340,Tr,,,,
Anadarko Petroleum ,Energy ,AQ ,AQ ,75,B ,,8770874,7872285,898589,-,,,,,
Anglo American ,Materials ,AQ ,AQ ,81,C ,,19999891,9809076,10190815,177645320,Tr USP,,,,
Anglo Platinum ,Materials ,AQ ,AQ ,85,B ,,5611738,457336,5154402,466194.51,PGS TI Wa Tr EC TSP USP DSP ,,,,
AngloGold Ashanti ,Materials ,AQ ,AQ ,74,C ,,4697000,1215000,3482000,-,,,,,
Anheuser Busch InBev ,Consumer Staples ,AQ ,AQ ,77,B ,,4353161,2901360,1451801,12283,TI Tr,,,,
Antofagasta ,Materials ,AQ ,AQ ,59,E ,,1294371,529560,764811,47373,Fu Tr Oth,,,,
Apache ,Energy ,AQ ,AQ ,65,D ,,10900000,9860000,1040000,-,,,,,
Apple Inc. ,Information Technology ,DP ,AQ ,-,-,,-,-,-,-,,,,,
Arcelor Mittal ,Materials ,AQ ,AQ ,34,-,,184825000,165226000,19599000,-,,,,,
Archer Daniels Midland ,Consumer Staples ,NR ,NR ,-,-,,-,-,-,-, ,,,,
Assicurazioni Generali Spa ,Financials ,AQ ,AQ ,68,C ,,65745.5,12506.2,53239.3,29090.3,Tr Oth,,,,
Astellas Pharma ,Health Care ,AQ ,AQ ,60,D ,,1225638.27,457296.87,768341.4,1999.84,TI,,,,
Astra International ,Consumer Discretionary ,AQ(L) ,NR ,,-,NP,-,-,-,-,-,,,,
AstraZeneca ,Health Care ,AQ ,AQ ,68,C ,,679391,385210,294181,365716,PGS TI Wa Tr USP,,,,
AT&T ,,AQ ,AQ ,72,C ,,8903473,1105251,7798222,63209,Tr,,,,
Atlas Copco ,Industrials ,AQ ,AQ ,72,C ,,116000,25000,91000,202000,TI,,,,
Australia and New Zealand Banking Group ,Financials ,AQ ,AQ ,89,B ,,220577,18278,202299,101090,PGS Fu Wa Tr ,,,,
Automatic Data Processing ,Information Technology ,AQ ,AQ ,25,-,,173000,18000,155000,-,,,,,
Aviva ,Financials ,AQ ,AQ ,80,B ,,132412,63784,68628,15839.7,Tr EC ,,,,
AXA Group ,Financials ,AQ ,AQ ,92,A ,,245701,68554,177147,214266,Tr EC ,,,,
BAE Systems ,Industrials ,AQ ,AQ ,56,E ,NP ,-,-,-,-,-,,,,
Baker Hughes ,Energy ,AQ ,AQ ,67,D ,,600000,300000,300000,116600,Tr ,,,,
Banco Bradesco ,Financials ,AQ ,AQ ,47,-,,24875,4554,20321,24216,EC Oth ,,,,
Banco do Brasil ,Financials ,AQ ,AQ ,54,E ,,35838,6071,29767,8869,Tr Oth,,,,
Banco Santander ,Financials ,AQ ,AQ ,85,C ,,453442.19,29882.19,423560,128666.05,Tr EC ,,,,
Banco Santander Brasil ,Financials ,AQ ,IN ,67,D ,,19561,5541,14020,94744,PGS TI Wa Tr SE ,,,,
Banco Santander Chile ,Financials ,AQ(SA) ,AQ(SA) ,-,-,,-,-,-,-,,,,,
Bank Central Asia ,Financials ,NR ,NR ,-,-,,-,-,-,-,,,,,
Bank Mandiri ,Financials ,NR ,NR ,-,-,,-,-,-,-,,,,,
Bank of America ,Financials ,AQ ,AQ ,97,A ,,1872213,119760,1752453,1052130,TI Wa Tr EC ,,,,
Bank of China ,Financials ,NR ,IN ,-,-,,-,-,-,-,,,,,
Bank of Communications (H) ,Financials ,AQ ,AQ(L) ,,-,NP,-,-,-,-,,,,,
Bank of Montreal ,Financials ,AQ ,AQ ,88,A ,,64907.87,16545.66,48362.21,92796.19,Wa Tr Lu TSP ,,,,
Bank of Nova Scotia (Scotiabank) ,Financials ,AQ ,AQ ,54,D ,,86362,17560,68802,3075,Tr,,,,
Barclays ,Financials ,AQ ,AQ ,89,B ,,993000,57000,936000,110000,Tr ,,,,
Barrick Gold ,Materials ,AQ ,AQ ,82,B ,,4946281,2823002,2123279,,,,,,
BASF ,Materials ,AQ ,AQ ,93,A ,,25701000,21312000,4389000,134289000,PGS Eq Fu TI Wa Tr EC Lu In TSP USP DSP ,,,,
Baxter International ,Health Care ,AQ ,AQ ,74,C ,,801000,339720,461280,2144000,Tr EC TSP USP DSP SE ,,,,
Bayer ,Health Care ,AQ ,AQ ,99,A ,,8500000,4800000,3700000,27009800,PGS TI Tr Lu DSP Oth ,,,,
BB&T ,Financials ,AQ ,AQ ,58,E ,,172066,1643,170423,-,,,,,
BBVA ,Financials ,AQ ,AQ ,74,B ,,329870,8494,321376,35232,Tr ,,,,
BCE ,,AQ ,AQ ,74,C ,,234529,93132,141397,4348,Tr,,,,
Becton Dickinson and Co. ,Health Care ,AQ ,AQ ,43,-,,530124,61975,468149,-,,,,,
Belle International ,Consumer Discretionary ,NR ,NR ,-,-,,-,-,-,-,,,,,
Berkshire Hathaway ,Financials ,NR ,NR ,-,-,,-,-,-,-,,,,,
Best Buy ,Consumer Discretionary ,AQ ,AQ ,70,B ,,940696,236170,704526,-,,,,,
BG Group ,Energy ,AQ ,AQ ,85,A ,,7974747,7951198,23549,88692000,USP ,,,,
Bharat Heavy Electricals ,Industrials ,NR ,NR ,-,-,,-,-,-,-,,,,,
Bharti Airtel ,,NR ,NR ,-,-,,-,-,-,-,,,,,
BHP Billiton ,Materials ,AQ ,AQ ,73,B ,,45731137,19591969,26139168,325311000,Fu USP ,,,,
BM&F Bovespa ,Financials ,AQ ,AQ ,81,C ,,1179.67,155.57,1024.1,1746.81,TI Wa Tr EC ,,,,
BMW Bayerische Motoren werke ,Consumer Discretionary ,AQ ,AQ ,96,A ,,1343008,409911,933097,38186203,TI Tr EC USP ,,,,
BNP Paribas ,Financials ,AQ ,AQ ,78,C ,,535513,86808,448705,166392,Tr,,,,
BNY Mellon ,Financials ,AQ ,AQ ,81,B ,,211570,9474,202096,26827,Tr,,,,
BOC Hong Kong ,Financials ,DP ,NR ,-,-,,-,-,-,-,,,,,
Boeing ,Industrials ,AQ ,AQ ,92,B ,,1717000,595000,1122000,255000,Tr ,,,,
BP ,Energy ,AQ ,AQ ,80,B ,,74920000,64920000,10000000,573000000,USP ,,,,
Bristol-Myers Squibb ,Health Care ,AQ ,AQ ,76,D ,,524189,253398,270791,73480,Tr,,,,
British American Tobacco ,Consumer Staples ,AQ ,AQ ,91,A ,,743599,371610,371989,58518,Wa Tr Oth ,,,,
British Sky Broadcasting ,Consumer Discretionary ,AQ ,AQ ,90,B ,,152580,27462,125118,-,Oth ,,,,
BT Group ,,AQ ,AQ ,84,B ,,1674583,204497,1470086,48434,Wa Tr Oth,,,,
BYD Company ,Consumer Discretionary ,NR ,NR ,-,-,,-,-,-,-,,,,,
Canadian Imperial Bank of Commerce (CIBC) ,Financials ,AQ ,AQ ,69,C ,,93225,31287,61938,10398,Tr,,,,
Canadian National Railway ,Industrials ,AQ ,AQ ,82,B ,,4778872,4584604,194268,3198,Tr,,,,
Canadian Natural Resources ,Energy ,AQ ,AQ ,36,-,,18210358,16892972,1317386,-,,,,,
Canon ,Information Technology ,AQ ,AQ ,80,C ,NP ,,-,-,-,-,,,,
Capital One Financial ,Financials ,AQ ,AQ ,51,D ,,219615,14896,204719,-,,,,,
Carnival ,Consumer Discretionary ,AQ ,AQ ,88,B ,,10748637,10700267,48370,46246,PGS Wa Tr ,,,,
Carrefour ,Consumer Staples ,AQ ,AQ ,75,B ,,4306000,2155000,2151000,990000,PGS TI,,,,
Caterpillar ,Industrials ,AQ ,AQ ,58,D ,,2651000,831000,1820000,19443,Tr Lu,,,,
Celgene ,Health Care ,AQ ,AQ ,62,E ,,15547,5903,9644,-,,,,,
Cenovus Energy ,Energy ,AQ ,AQ ,78,C ,,4946354,3996987,949367,565.3,Tr Oth ,,,,
Centrica ,Utilities ,AQ ,AQ ,96,A-,,10714959,10559082,155877,8992,Tr Oth ,,,,
CEZ ,Utilities ,AQ ,AQ ,39,-,,38845671,38845671,-,-,,,,,
Charles Schwab ,Financials ,AQ ,AQ ,,-,NP ,-,-,-,-,-,,,,
Cheung Kong ,Financials ,NR ,NR ,-,-,,-,-,-,-,,,,,
Chevron ,Energy ,AQ ,AQ ,86,B ,,66619864,62136044,4483820,404000000,USP ,,,,
China Construction Bank (H) ,Financials ,IN ,IN ,-,-,,-,-,-,-,,,,,
China Life Insurance (H) ,Financials ,NR ,NR ,-,-,,-,-,-,-,,,,,
China Mobile ,,NR ,AQ ,-,-,,-,-,-,-,,,,,
China Overseas Land & Investment ,Financials ,NR ,NR ,-,-,,-,-,-,-,,,,,
China Telecom ,,IN ,IN ,-,-,,-,-,-,-,,,,,
China Unicom ,,NR ,NR ,-,-,,-,-,-,-,,,,,
Christian Dior ,Consumer Discretionary ,AQ ,NR ,39,-,NP ,-,-,-,-,-,,,,
Chubb ,Financials ,AQ ,AQ ,42,-,,14216,-,14216,-,,,,,
Chubu Electric Power ,Utilities ,DP ,AQ ,-,-,,-,-,-,-,,,,,
Chunghwa Telecom ,Information Technology ,AQ ,AQ ,74,C ,,905137.79,30753.37,874384.42,256499,EC,,,,
Cia. Siderurgica Nacional - CSN ,Materials ,AQ ,AQ ,61,E ,,11192361,10621377,570984,474485,PGS Fu,,,,
CIMB Group Holdings ,Financials ,NR ,NR ,-,-,,-,-,-,-,,,,,
Cisco Systems ,Information Technology ,AQ ,AQ ,98,A ,,650620,53363,597257,6837461,PGS Eq Fu TI Tr EC TSP USP DSP ,,,,
Citigroup ,Financials ,AQ ,AQ ,70,B ,,1184848.77,43116.32,1141732.45,100243,Tr,,,,
CLP Holdings ,Utilities ,AQ ,AQ ,82,B ,,41897000,41649000,248000,175000,Lu ,,,,
CME Group ,Financials ,AQ ,AQ ,7,-,NP,-,-,-,-,-,,,,
CNOOC (Red Chip) ,Energy ,AQ ,AQ ,32,-,,5860000,5860000,-,-,,,,,
Coca-Cola Company ,Consumer Staples ,AQ ,AQ ,78,C ,,3359909,2113413,1246496,6342126,Tr TSP Fr Oth,,,,
Cognizant Technology Solutions ,Information Technology ,AQ ,AQ ,68,C ,,175935,28647,147288,46270,Tr,,,,
Colgate Palmolive ,Consumer Staples ,AQ ,AQ ,80,B ,,692284,267077,425207,105969,PGS TI Wa Tr Lu,,,,
Comcast ,Consumer Discretionary ,DP ,IN ,-,-,,-,-,-,-,,,,,
Commonwealth Bank of Australia ,Financials ,AQ ,AQ ,89,A ,,251696,15073,236623,120295,TI Wa Tr SE ,,,,
Compagnie Financière Richemont ,Consumer Discretionary ,AQ ,AQ ,83,C ,NP ,-,-,-,-,-,,,,
ConocoPhillips ,Energy ,AQ ,AQ ,41,-,,68005000,57981000,10024000,512000000,USP,,,,
Corning ,Information Technology ,AQ ,AQ ,34,-,,1175452,266635,908817,-,,,,,
Costco Wholesale ,Consumer Staples ,AQ ,AQ ,49,-,NP ,-,-,-,-,-,,,,
Covidien ,Health Care ,AQ ,NR ,48,-,,662351.45,229615,432736.45,-,,,,,
Credit Agricole ,Financials ,AQ ,AQ ,57,D ,,10613,757,9856,10705,Tr,,,,
Credit Suisse ,Financials ,AQ ,AQ ,81,C ,,227120,19946,207174,138693,PGS Fu Wa Tr ,,,,
Criteria Caixa ,Financials ,AQ ,AQ ,54,C ,,360,-,360,98.66,Tr,,,,
CSL ,Health Care ,AQ ,AQ ,72,D ,,185318,51460,133858,13000,Tr ,,,,
CSX ,Industrials ,AQ ,AQ ,85,A ,,5475420,5214546,260874,20899,Tr ,,,,
Cummins India ,Consumer Discretionary ,AQ(SA) ,AQ(SA) ,-,-,,-,-,-,-,,,,,
CVS Caremark ,Consumer Staples ,AQ ,AQ ,67,D ,,1766839,220888,1545951,10933,Tr,,,,
Daimler ,Consumer Discretionary ,AQ ,AQ ,78,B ,,3699102,1063986,2635116,31064085,TI Tr EC USP DSP ,,,,
Danaher ,Industrials ,AQ ,AQ ,10,-,NP,-,-,-,-,-,,,,
Danone ,Consumer Staples ,AQ ,AQ ,89,A-,,1329924,530119,799805,1984000,TSP DSP Oth,,,,
Danske Bank ,Financials ,AQ ,AQ ,66,E ,,41656,4402,37254,10520,PGS Tr,,,,
DBS Group Holdings ,Financials ,DP ,DP ,-,-,,-,-,-,-,,,,,
Deere ,Industrials ,AQ ,AQ ,63,C ,,1336644,455171,881473,37656,Tr,,,,
Dell ,Information Technology ,AQ ,AQ ,72,C ,,438906,34115,404791,112679,Tr,,,,
Denso ,Consumer Discretionary ,AQ ,AQ ,48,-,NP,-,-,-,-,-,,,,
Deutsche Bank ,Financials ,AQ ,AQ ,82,B ,,496933.65,26643.3,470290.35,115654.44,Tr ,,,,
Deutsche Post ,Industrials ,AQ ,AQ ,99,A-,,6300000,5300000,1000000,50000,Tr Oth ,,,,
Deutsche Telekom ,,AQ ,AQ ,79,C ,,3484504,391152,3093352,91184,Tr,,,,
Devon Energy ,Energy ,AQ ,AQ ,59,D ,,4170000,3680000,490000,16063,Fu,,,,
Diageo ,Consumer Staples ,AQ ,AQ ,89,A-,,724509,619161,105348,200000,TI,,,,
DIRECTV Group ,Consumer Discretionary ,NR ,NR ,-,-,,-,-,-,-,,,,,
DnB NOR ,Financials ,AQ ,AQ ,63,D ,,11892.46,1176.06,10716.4,8487.6,Wa Tr,,,,
Dominion Resources ,Utilities ,AQ ,AQ ,69,D ,,59353956,59004018,349938,-,Oth ,,,,
Dongfeng Motor Group ,Consumer Discretionary ,DP ,NR ,-,-,,-,-,-,-,,,,,
Dow Chemical ,Materials ,AQ ,AQ ,95,A-,,38084000,29043000,9041000,3025000,TI Tr TSP ,,,,
Duke Energy ,Utilities ,AQ ,AQ ,62,C ,,90612245,90612245,-,-,,,,,
E.I. du Pont de Nemours and Company ,Materials ,AQ ,AQ ,80,B ,,15432000,10749000,4683000,146253,Tr,,,,
E.ON AG ,Utilities ,AQ ,AQ ,80,B ,,132326014,126884620,5441394,143866848,PGS Eq Fu TI Tr EC USP ,,,,
EADS ,Industrials ,AQ ,AQ ,52,D ,,-,-,-,-,,,,,
East Japan Railway ,Industrials ,AQ ,AQ ,43,-,,2540000,210000,2330000,-,,,,,
eBay ,Consumer Discretionary ,AQ ,AQ ,63,C ,,207746,11462,196284,21600,Tr,,,,
Ecopetrol ,Energy ,AQ ,AQ ,40,-,,6072260,5880210,192050,-,,,,,
Electricite de France (EDF) ,Utilities ,AQ ,AQ ,62,D ,,81246570,80575870,670700,685702,PGS TI Tr ,,,,
Eli Lilly ,Health Care ,AQ ,AQ ,61,C ,,1621619,454521,1167098,204478,TI Wa Tr EC Oth,,,,
EMC ,Information Technology ,AQ ,AQ ,88,B ,,346066,28031,318035,105029,Tr ,,,,
Emerson Electric ,Industrials ,AQ ,AQ ,24,-,,-,-,-,-,,,,,
Empresas Copec ,Energy ,NR ,NR ,-,-,,-,-,-,-,,,,,
Enbridge ,Energy ,AQ ,AQ ,61,C ,,4598000,1733000,2865000,203200,PGS Fu Tr,,,,
Encana ,Energy ,AQ ,AQ ,72,C ,,5841898,5242617,599281,2327,Tr ,,,,
Endesa ,Utilities ,AQ ,AQ ,88,A-,,39291885,38631310,660575,17184,Tr Oth ,,,,
ENEL ,Utilities ,AQ ,AQ ,89,A ,,116649738,116404742,244996,991855,PGS Fu Wa Oth ,,,,
Eni ,Energy ,AQ ,AQ ,83,B ,,62561965,60676123,1885842,268737319,PGS Tr USP ,,,,
EOG Resources ,Energy ,DP ,AQ ,-,-,,-,-,-,-,,,,,
Ericsson ,Information Technology ,AQ ,AQ ,82,B ,,204000,30000,174000,18443000,TI Tr EC USP ,,,,
Eurasian Natural Resources ,Materials ,DP ,DP ,-,-,,-,-,-,-,,,,,
Exelon ,Utilities ,AQ ,AQ ,79,C ,,9522374,9245696,276678,5033,Tr,,,,
Express Scripts ,Health Care ,NR ,NR ,-,-,,-,-,-,-,,,,,
Exxon Mobil ,Energy ,AQ ,AQ ,70,B ,,147000000,132000000,15000000,1600000,USP ,,,,
FANUC ,Industrials ,NR ,NR ,-,-,,-,-,-,-,,,,,
FedEx ,Industrials ,AQ ,AQ ,50,D ,,14149767,13152895,996872,1008493,PGS,,,,
Fiat ,Consumer Discretionary ,AQ ,AQ ,93,A ,,2062497,414875,1647622,2106700,PGS EC TSP USP ,,,,
Firstrand ,Financials ,AQ ,AQ ,88,B ,,321228.24,12219.75,309008.49,23196.51,PGS Tr ,,,,
Ford Motor ,Consumer Discretionary ,AQ ,AQ ,46,-,,5268477,1602246,3666231,-,,,,,
Formosa Petrochemical ,Energy ,NR ,DP ,-,-,,-,-,-,-,,,,,
Fortum Oyj ,Utilities ,AQ ,AQ ,97,B ,,25704279,25600000,104279,5654740,Fu Tr USP ,,,,
Franklin Resources ,Financials ,AQ ,AQ ,62,D ,,39949,10362,29587,7966,Tr,,,,
Freeport-McMoRan Copper & Gold ,Materials ,AQ ,AQ ,87,C ,,9985750,5622379,4363371,337500,TI Tr PSP ,,,,
Fresenius Medical Care KGaA ,Health Care ,AQ ,AQ ,55,D ,NP ,-,-,-,-,-,,,,
FujiFilm Holdings ,Materials ,AQ ,AQ ,62,E ,,1315765,793333,522432,3891000,PGS TI Wa USP,,,,
Gazprom ,Energy ,AQ ,AQ ,50,D ,,131219300,131219300,-,-,,,,,
Gazprom Neft ,Energy ,NR ,DP ,-,-,,-,-,-,-,,,,,
GDF Suez ,Utilities ,AQ ,AQ ,87,B ,,112575205,109324454,3250751,163417207,Fu USP,,,,
General Dynamics ,Industrials ,IN ,IN ,-,-,,-,-,-,-,,,,,
General Electric ,Industrials ,AQ ,AQ ,73,C ,,5650000,2500000,3150000,-,,,,,
General Mills ,Consumer Staples ,AQ ,AQ ,64,C ,,1002526,279484,723042,452295,TI Tr,,,,
Genting Singapore ,Financials ,NR ,NR ,-,-,,-,-,-,-,,,,,
Genzyme ,Health Care ,AQ ,,85,B ,NP ,-,-,-,-,-,,,,
Gilead Sciences ,Health Care ,AQ ,AQ ,95,B ,,67094,29725,37369,18795,Tr EC ,,,,
GlaxoSmithKline ,Health Care ,AQ ,AQ ,93,A ,,2007715,1001746,1005969,4923155,TI Tr USP Oth ,,,,
Goldcorp ,Materials ,AQ ,AQ ,51,D ,,1194496,596767,597729,-,,,,,
Goldman Sachs Group ,Financials ,AQ ,AQ ,83,B ,,351487,14645,336842,168250,Tr ,,,,
Google ,Information Technology ,AQ ,AQ ,89,A-,,1237476,11126,1226350,207065,Tr EC Ld SE ,,,,
Great West Lifeco ,Financials ,DP ,DP,-,-,,-,-,-,-,,,,,
Grupo Mexico ,Industrials ,NR ,NR,-,-,,-,-,-,-,,,,,
H&M Hennes & Mauritz ,Consumer Discretionary ,AQ ,AQ ,57,D ,,281888,11466,270422,215377,TI Tr,,,,
Halliburton ,Energy ,AQ ,AQ ,54,E ,,4020000,4020000,-,44,Tr,,,,
Hang Lung Properties ,Financials ,NR ,NR ,-,-,,-,-,-,-,,,,,
Hang Seng Bank ,Financials ,AQ ,AQ ,51,D ,,23965.79,-,,23965.79,-,,,,
HDFC Bank ,Financials ,AQ ,AQ ,55,D ,,239540,29724,209816,-,Oth,,,,
Heineken ,Consumer Staples ,AQ ,AQ ,59,D ,,1990911,1201314,789597,-,,,,,
Hermes International ,Consumer Discretionary ,NR ,NR ,-,-,,-,-,-,-,,,,,
Hess ,Energy ,AQ ,AQ ,91,B ,,9034065,8452627,581438,40308994,TI Tr TSP USP ,,,,
Hewlett-Packard ,Information Technology ,AQ ,AQ ,84,B ,,1865170,136660,1728510,5850300,PGS Tr TSP,,,,
High Tech Computer ,Information Technology ,AQ ,AQ ,27,-,NP,-,-,-,-,-,,,,
Hitachi ,Industrials ,AQ ,AQ ,88,C ,,4719794,932098,3787696,12223173,PGS Tr TSP ,,,,
Holcim ,Materials ,AQ ,AQ ,79,C ,,108334034,102218000,6116034,8177160,PGS Fu TI Wa Tr EC SE ,,,,
Home Depot ,Consumer Discretionary ,AQ ,AQ ,82,B ,,3073094,268091,2805003,3390000,TI,,,,
Hon Hai Precision Industry ,Information Technology ,AQ(SA) ,AQ(SA) ,-,-,,-,-,-,-,,,,,
Honda Motor Company ,Consumer Discretionary ,AQ ,AQ ,95,A ,,4365000,1418000,2947000,65796,TSP ,,,,
Honeywell International ,Industrials ,IN ,IN ,-,-,,-,-,-,-,,,,,
Hong Kong and China Gas ,Utilities ,DP ,NR ,-,-,,-,-,-,-,,,,,
Hong Kong Exchanges & Clearing ,Financials ,AQ ,AQ ,67,C ,NP ,-,-,-,-,-,,,,
Housing Development Finance ,Financials ,NR ,NR ,-,-,,-,-,-,-,,,,,
HSBC Holdings ,Financials ,AQ ,AQ ,95,A-,,831642,84025,747617,91814,Tr ,,,,
Husky Energy ,Energy ,AQ ,AQ ,41,-,,7547000,7547000,-,-,,,,,
Hutchison Whampoa ,Industrials ,NR ,NR ,-,-,,-,-,-,-,,,,,
Hyundai Heavy Industries ,Industrials ,NR ,AQ ,-,-,,-,-,-,-,,,,,
Hyundai Mobis ,Consumer Discretionary ,AQ ,AQ ,64,D ,,332454,42351,290103,-,,,,,
Hyundai Motor ,Consumer Discretionary ,AQ ,AQ ,83,B ,,2227634,799295,1428339,36844,TSP ,,,,
Iberdrola ,Utilities ,AQ ,AQ ,78,C ,,46171669,39939109,6232560,23247787,Tr TSP Oth ,,,,
ICICI Bank ,Financials ,AQ ,AQ ,67,E ,,54806.22,2130.54,52675.68,7502.76,Wa Tr EC Oth,,,,
Illinois Tool Works ,Industrials ,AQ ,AQ ,75,C ,NP ,-,-,-,-,-,,,,
Impala Platinum Holdings ,Materials ,AQ ,AQ ,80,C ,,3692977,584504,3108473,217449,Fu Wa Tr EC Oth ,,,,
Imperial Oil ,Energy ,AQ ,AQ ,59,C ,,11517000,10149000,1368000,-,,,,,
Imperial Tobacco Group ,Consumer Staples ,AQ ,AQ ,71,D ,,266544,112299,154245,-,,,,,
Indian Oil ,Energy ,DP ,DP ,-,-,,-,-,-,-,,,,,
Inditex ,Consumer Discretionary ,AQ ,AQ ,57,D ,,332472,22870,309602,41029,TI,,,,
Industrial and Commercial Bank of China ,Financials ,AQ ,AQ ,10,-,NP,-,-,-,-,-,,,,
Infosys Technologies ,Information Technology ,AQ(L) ,AQ ,,-,NP,-,-,-,-,,,,,
ING Group ,Financials ,AQ ,AQ ,64,D ,,276370,31587,244783,51243,Tr ,,,,
Inpex ,Energy ,AQ ,AQ ,62,C ,,411995,396091,15904,5594,TI EC,,,,
Intel ,Information Technology ,AQ ,AQ ,66,C ,,2878008,1165284,1712724,43595000,PGS TI Tr USP,,,,
International Business Machines (IBM) ,Information Technology ,AQ ,AQ ,83,B ,,2704276,578290,2125986,3134613,Tr EC Lu USP ,,,,
Intesa Sanpaolo S.p.A ,Financials ,AQ ,AQ ,68,C ,,119239,55444,63795,18390,Tr ,,,,
Israel Chemicals ,Materials ,AQ ,AQ ,90,B ,,2880617,1857777,1022840,48289,Fu Wa Tr Oth,,,,
Itaú Unibanco Holding ,Financials ,AQ ,AQ ,72,C ,,34195.6,3648.9,30546.7,28439.4,Fu TI Wa Tr Oth ,,,,
Itausa Investimentos Itau S.A. ,Financials ,AQ ,AQ(SA) ,77,C ,,547903,443011,104892,36355.38,Fu TI Wa Tr Oth ,,,,
ITC ,Industrials ,AQ ,AQ ,64,D ,,1463039,1307766,155273,583250,TI,,,,
Japan Tobacco ,Consumer Staples ,AQ ,AQ ,41,-,NP,-,-,-,-,-,,,,
Jardine Matheson ,Industrials ,DP ,NR ,-,-,,-,-,-,-,,,,,
Jardine Strategic ,Industrials ,DP ,DP ,-,-,,-,-,-,-,,,,,
JFE Holdings ,Materials ,NR ,AQ ,-,-,,-,-,-,-,,,,,
Johnson & Johnson ,Health Care ,AQ ,AQ ,78,C ,,1279804,345723,934081,296286,Tr ,,,,
Johnson Controls ,Consumer Discretionary ,AQ ,AQ ,83,B ,,1911629,562223,1349406,79785,Tr,,,,
JPMorgan Chase ,Financials ,AQ ,AQ ,81,B ,,1322231.5,96034.4,1226197.1,137804,Tr,,,,
Kansai Electric Power ,Utilities ,DP ,AQ ,-,-,,-,-,-,-,,,,,
KB Financial Group ,Financials ,AQ ,AQ ,73,C ,,39005,2303,36702,1659,PGS Fu Tr Oth,,,,
KDDI Group ,,AQ ,AQ ,34,-,,1108282,1034,1107248,-,,,,,
Kellogg Company ,Consumer Staples ,AQ ,AQ ,85,B ,,1343409,580482,762927,260000,TI ,,,,
Kimberly-Clark ,Consumer Staples ,AQ ,AQ ,70,C ,,5728814,2611787,3117027,648040,TI ,,,,
Kinross Gold ,Materials ,AQ ,AQ ,73,D ,,1125494,570404,555090,-,Oth,,,,
Kohl’s ,Consumer Discretionary ,AQ ,AQ ,78,C ,,859581,27062,832519,226902,TI Tr ,,,,
Komatsu ,Industrials ,AQ ,AQ ,74,C ,,561300,167900,393400,4069600,TSP USP SE ,,,,
Koninklijke KPN NV ,,AQ ,AQ ,79,B ,,263500,70500,193000,1841.6,Tr Oth,,,,
Korea Electric Power (Kepco) ,Utilities ,NR ,DP ,-,-,,-,-,-,-,,,,,
Kraft Foods ,Consumer Staples ,AQ ,AQ(SA) ,86,C ,,3319396,1468901,1850495,37225790,PGS Fu TI Tr EC TSP USP DSP,,,,
Kumba Iron Ore ,Materials ,AQ ,AQ ,82,B ,,837473,329906,507567,28129380.2,PGS TI Tr EC USP ,,,,
Kyocera ,Information Technology ,AQ ,AQ ,65,C ,NP ,-,-,-,-,-,,,,
Lafarge ,Materials ,AQ ,AQ ,96,A-,,104663099,96336401,8326698,6574249,PGS TI Tr TSP ,,,,
Larsen & Toubro ,Industrials ,AQ ,AQ ,69,C ,,394320,288045,106275,17466,EC ,,,,
Las Vegas Sands ,Consumer Discretionary ,NR ,NR ,-,-,,-,-,-,-,,,,,
LG Chemical ,Materials ,AQ ,AQ ,78,B ,,5784113,4200586,1583527,-,,,,,
Li & Fung ,Consumer Discretionary ,AQ(L) ,AQ ,46,-,NP ,-,-,-,-,-,,,,
Linde ,Materials ,AQ ,AQ ,63,C ,,15350000,5830000,9520000,354701,TI Tr ,,,,
Lloyds Banking Group ,Financials ,AQ ,AQ ,85,B ,,406497,73182,333315,36038,Tr,,,,
Lockheed Martin ,Industrials ,AQ ,AQ ,90,A ,,1374988,313866,1061122,212431,Tr ,,,,
L’Oreal ,Consumer Staples ,AQ ,AQ ,57,C ,,195016,79938,115078,5640000,TI TSP USP DSP,,,,
Lowe’s ,Consumer Discretionary ,AQ ,AQ ,36,-,NP ,-,-,-,-,-,,,,
Lukoil ,Energy ,NR ,AQ ,-,-,,-,-,-,-,,,,,
LVMH ,Consumer Discretionary ,AQ ,AQ ,64,C ,,304782,43100,261682,551235,PGS Wa Tr TSP Oth ,,,,
Malayan Banking ,Financials ,AQ ,AQ ,37,-,NP ,-,-,-,-,-,,,,
Manulife Financial ,Financials ,AQ ,AQ ,47,-,NP ,-,--,-,, ,,,,
Marathon Oil ,Energy ,AQ ,AQ ,47,-,,18809000,13885000,4924000,-,,,,,
MasterCard ,Information Technology ,AQ ,AQ ,29,-,NP,-,-,-,-,-,,,,
McDonald’s ,Consumer Discretionary ,AQ ,AQ ,32,-,NP,-,-,-,-,-,,,,
Medco Health Solutions ,Health Care ,AQ ,AQ ,55,E ,,87211,5914,81297,-,,,,,
Medtronic ,Health Care ,AQ ,AQ ,43,-,,236697,25040,211657,-,,,,,
Merck & Co. ,Health Care ,AQ ,AQ ,79,B ,,2075661,1046881,1028780,300299,TI Tr USP ,,,,
MetLife ,Financials ,AQ ,AQ ,33,-,,-,-,-,927,Wa,,,,
Metro ,Consumer Discretionary ,AQ ,AQ ,90,B ,,3374778,759094,2615684,517583,Fu Tr TSP Oth,,,,
Microsoft ,Information Technology ,AQ ,AQ ,81,B ,,1191654,47383,1144271,389017,TI Tr SE ,,,,
Mitsubishi ,Industrials ,AQ ,AQ ,73,C ,,5116416,3205957,1910459,67100,TI ,,,,
Mitsubishi Electric ,Information Technology ,AQ ,AQ ,56,E ,,1200000,358000,842000,351000,TSP,,,,
Mitsubishi Estate ,Financials ,AQ ,AQ ,24,-,NP,-,-,-,-,-,,,, 
Mitsubishi UFJ Financial Group ,Financials ,AQ ,AQ ,74,C ,,254862,18317,236545,15875,Tr,,,,
Mitsui & Co ,Industrials ,AQ ,AQ ,59,D ,NP,-,-,-,-,-,,,,
Mizuho Financial Group ,Financials ,AQ ,AQ ,85,C ,,198809.57,17360.56,181449.01,8852.74,TI Tr ,,,,
MMC Norilsk Nickel ,Materials ,DP ,DP ,-,-,,-,-,-,-,,,,,
Mobile TeleSystems OJSC ,,NR ,DP ,-,-,,-,-,-,-,,,,,
Monsanto ,Materials ,AQ ,AQ ,38,-,,1815700,1153800,661900,-,,,,,
Morgan Stanley ,Financials ,AQ ,AQ ,87,A ,,359073,14322,344751,63103,Fu Tr ,,,,
Mosaic Company ,Materials ,AQ ,AQ ,78,B ,,4169555,2579616,1589939,7800000,PGS,,,,
Motorola3 ,Information Technology ,AQ ,IN ,60,E ,,279233.85,15793.85,263440,125438,Tr,,,,
MTN Group ,,AQ ,AQ ,75,D ,,1122962,744074,378888,4739,Tr,,,,
MTR ,Industrials ,AQ ,AQ ,71,C ,,1150976,37808,1113168,-,Oth,,,,
Munich Re ,Financials ,AQ ,AQ ,79,A-,,216588,69621,146967,28914,Wa Tr Oth,,,,
Nan Ya Plastics ,Materials ,NR ,AQ ,-,-,,-,-,-,-,,,,,
Naspers ,Consumer Discretionary ,AQ ,AQ ,27,-,NP,-,-,-,-,,,,,
National Australia Bank ,Financials ,AQ ,AQ ,91,A ,,208563,22084,186479,112276.2,PGS Fu Wa Tr SE ,,,,
National Grid ,Utilities ,AQ ,AQ ,63,D ,,9658188,9328836,329352,32370591,PGS USP Oth,,,,
National Oilwell Varco ,Energy ,NR ,NR ,-,-,,-,-,-,-,,,,,
National Thermal Power (NTPC) ,Utilities ,NR ,NR ,-,-,,-,-,-,-,,,,,
NATIXIS ,Financials ,AQ ,AQ ,61,E ,,15461,499,14962,7986,PGS Tr,,,,
Nestle ,Consumer Staples ,AQ ,AQ ,91,A-,,7125398,3981400,3143998,2643850,TSP Oth ,,,,
NetApp ,Information Technology ,AQ ,AQ ,59,E ,,96320,8082,88238,-,,,,,
Newcrest Mining ,Materials ,AQ ,AQ ,59,E ,,2228979,1430611,798368,15204,Tr,,,,
Newmont Mining ,Materials ,AQ ,AQ ,88,C ,,4694161,3048246,1645915,538893,Fu,,,,
News Corporation ,Consumer Discretionary ,AQ ,AQ ,93,A-,,538264,81791,456473,40067,Tr ,,,,
NextEra Energy ,Utilities ,DP ,AQ ,-,-,,-,-,-,-,,,,,
NIKE ,Consumer Discretionary ,AQ ,AQ ,40,-,,71900,6900,65000,1405800,TI Tr SE,,,,
Nintendo ,Information Technology ,DP ,AQ ,-,-,,-,-,-,-,,,,,
Nippon Steel ,Materials ,AQ ,AQ ,84,C ,NP,-,-,-,-,-,,,,
Nippon Telegraph & Telephone (NTT) ,,AQ ,AQ ,49,-,,4015000,224000,3791000,-,,,,,
Nissan Motor ,Consumer Discretionary ,AQ ,AQ ,72,C ,,2867158,972804,1894354,91586000,TSP USP,,,,
NLMK ,Materials ,NR ,NR ,-,-,,-,-,-,-,,,,,
NMDC ,Materials ,NR ,NR ,-,-,,-,-,-,-,,,,,
Nokia Group ,Information Technology ,AQ ,AQ ,84,A-,,306500,20100,286400,8501500,Tr EC USP SE ,,,,
Nomura Holdings ,Financials ,AQ ,AQ ,66,E ,,90105,3650,86455,12068,Tr,,,,
Nordea Bank ,Financials ,AQ ,AQ ,87,B ,,56206,236,55970,20675,Tr ,,,,
Norfolk Southern ,Industrials ,AQ ,AQ ,76,B ,,5238171,4958921,279250,-,,,,,
Northrop Grumman ,Industrials ,AQ ,AQ ,80,C ,,1261649.69,323050,938599.69,1220151.74,Tr EC TSP,,,,
Novartis ,Health Care ,AQ ,AQ ,94,A ,,1513597,587269,926328,1353000,PGS Wa Tr ,,,,
Novatek ,Energy ,AQ ,AQ ,33,-,,2225791,2113024,112767,-,,,,,
Novo Nordisk ,Health Care ,AQ ,AQ ,89,B ,,179462,47562,131900,272700,TI Wa Tr EC TSP Ld Oth ,,,,
NTT DOCOMO ,,AQ ,AQ ,54,D ,,1210408,87161,1123247,-,,,,,
Occidental Petroleum ,Energy ,AQ ,AQ ,57,C ,,17800000,11200000,6600000,-,,,,,
OGX Petróleo e Gás Participações ,Energy ,DP ,DP ,-,-,,-,-,-,-,,,,,
Oil & Natural Gas ,Energy ,AQ ,AQ ,34,-,,9050000,8360000,690000,-,,,,,
Oracle ,Information Technology ,AQ ,AQ ,54,E ,,448731,15208,433523,-,,,,,
Oversea-Chinese Banking ,Financials ,NR ,NR ,-,-,,-,-,-,-,,,,,
PACCAR ,Industrials ,NR ,NR ,-,-,,-,-,-,-,,,,,
Panasonic ,Consumer Discretionary ,AQ ,AQ ,93,B ,,4135797,847855,3287942,91000000,PGS,,,,
PepsiCo ,Consumer Staples ,AQ ,AQ ,90,A-,,6048225,4006160,2042065,112000,Fr Oth ,,,,
Pernod-Ricard ,Consumer Staples ,AQ ,AQ ,66,C ,,358676,260918,97758,-,Oth,,,,
PETROBRAS ,Energy ,AQ ,AQ ,81,C ,,61213363,59957141,1256221.84,504059819,USP,,,,
PETROCHINA ,Energy ,IN ,IN ,-,-,,-,-,-,-,,,,,
Pfizer ,Health Care ,AQ ,AQ ,81,B ,,2707928,1459943,1247985,9781207,PGS Eq Fu TI Wa Tr EC Lu SE ,,,,
PG&E ,Utilities ,AQ ,AQ ,92,B ,,4216239,3218256,997983,48753850,Fu Wa Tr USP ,,,,
Philip Morris International ,Consumer Staples ,AQ ,AQ ,83,B ,,768773,355789,412984,627767,TI Tr ,,,,
Philips Electronics ,Consumer Discretionary ,AQ ,AQ ,99,A ,,896987,426771,470216,911092,TI Tr ,,,,
Ping An of China ,Financials ,NR ,AQ ,-,-,,-,-,-,-,,,,,
PKO Bank Polski ,Financials ,DP ,DP ,-,-,,-,-,-,-,,,,,
PNC Financial Services ,Financials ,AQ ,AQ ,75,B ,,369651,44700,324951,107453,PGS Fu Tr EC,,,,
POSCO ,Materials ,AQ ,AQ ,89,A-,,71679000,68705000,2974000,997720,TI Tr EC ,,,,
Potash Corporation of Saskatchewan ,Materials ,AQ ,AQ ,63,D ,,10314700,8714700,1600000,-,,,,,
Power Financial ,Financials ,DP ,DP ,-,-,,-,-,-,-,,,,,
PPR ,Consumer Discretionary ,AQ ,NR ,64,C ,,197792,42612,155180,231826,TI Tr ,,,,
Praxair ,Materials ,AQ ,AQ ,93,A-,,15050000,4350000,10700000,582025,Eq TI Wa Tr ,,,,
Precision Castparts Corp. ,Industrials ,NR ,NR ,-,-,,-,-,-,-,,,,,
Priceline.com ,Consumer Discretionary ,AQ ,NR ,12,-,,-,-,-,-,,,,,
Procter & Gamble ,Consumer Staples ,AQ ,AQ ,49,-,,5904000,2795000,3109000,-,,,,,
Prudential ,Financials ,AQ ,AQ ,58,E ,,108099,14839,93260,5029,Tr,,,,
Prudential Financial ,Financials ,AQ ,AQ ,41,-,,84370,5836,78534,12422,Tr,,,,
PTT ,Materials ,NR ,NR ,-,-,,-,-,-,-,,,,,
PTT Exploration & Production ,Energy ,AQ ,AQ ,69,D ,,3732909.9,3731455.09,1454.81,4790.21,TI,,,,
Public Service Enterprise Group ,Utilities ,AQ ,AQ ,79,C ,,24123436,22873019,1250417,66428619,PGS Fi TI Tr EC Lu USP,,,,
Public Storage ,Financials ,NR ,NR ,-,-,,-,-,-,-,,,,,
QBE Insurance Group ,Financials ,AQ ,AQ ,47,-,,37411,1268,36143,14034,Tr,,,,
Qualcomm ,Information Technology ,AQ ,AQ ,63,C ,,97537,57713,39824,-,,,,,
Raytheon ,Industrials ,AQ ,AQ ,71,C ,,602876,98909,503967,-,,,,,
Reckitt Benckiser ,Consumer Staples ,AQ ,AQ ,81,B ,,290587,104813,185774,25928065,PGS TI Wa Tr TSP USP DSP Ld Oth,,,,
Reliance Industries ,Industrials ,NR ,NR ,-,-,,-,-,-,-,,,,,
Repsol YPF ,Energy ,AQ ,AQ ,89,B ,,25438767,23380302,2058465,150295524,Fu TI Tr TSP USP ,,,,
Research In Motion ,,AQ ,AQ ,47,-,,63868,13688,50180,-,Oth,,,,
Reynolds American ,Consumer Staples ,AQ ,AQ ,56,D ,,309614,117383,192231,-,,,,,
Rio Tinto ,Materials ,AQ ,AQ ,86,B ,,44600000,27600000,17000000,492000000,PGS Fu TI USP ,,,,
Roche Holding ,Health Care ,AQ ,NR ,66,C ,,865995,454010,411985,171261,Tr ,,,,
Rogers Communications ,Consumer Discretionary ,AQ ,AQ ,60,D ,,172149,38861,133288,61384,Wa Tr EC Oth,,,,
Rolls-Royce ,Industrials ,AQ ,AQ ,75,B ,,592123,232009,360114,175056020,TI Tr USP,,,,
Rosneft ,Energy ,NR ,DP ,-,-,,-,-,-,-,,,,,
Royal Bank of Canada ,Financials ,AQ ,AQ ,71,D ,,202476,33136,169340,145705,TI Tr,,,,
Royal Bank of Scotland Group ,Financials ,AQ ,AQ ,91,B ,,708324.75,84290.7,624034.05,143404,Fu Tr ,,,,
Royal Dutch Shell ,Energy ,AQ ,AQ ,90,A-,,85000000,75000000,10000000,690000,Fr Oth ,,,,
RWE ,Utilities ,AQ ,AQ ,85,B ,,170200000,167100000,3100000,137.98,Fu TI USP ,,,,
S.A.C.I. Falabella ,Consumer Discretionary ,NR ,NR ,-,-,,-,-,-,-,,,,,
SABMiller ,Consumer Staples ,AQ ,AQ ,63,C ,,2353867.55,1144900.89,1208966.66,261307,TI,,,,
Saint-Gobain ,Industrials ,AQ ,AQ ,94,A-,,18700000,13800000,4900000,132200,Tr ,,,,
Saipem ,Energy ,AQ ,AQ ,45,-,NP,-,-,-,-,-,,,,
Samsung Electronics ,Information Technology ,AQ ,AQ ,94,A ,,9910000,4034000,5876000,45706000,TI Tr USP SE ,,,,
Samsung Life Insurance ,Financials ,NR ,NR ,-,-,,-,-,-,-,,,,,
Sandvik AB ,Industrials ,AQ ,AQ ,54,E ,NP,-,-,-,-,-,,,,
Sanofi-Aventis ,Health Care ,AQ ,AQ ,58,D ,,1040566,469311,571255,-,,,,,
SAP ,Information Technology ,AQ ,AQ ,96,A ,,261033,136003,125030,35796,EC TSP Oth ,,,,
Sasol ,Energy ,AQ ,AQ ,79,C ,,74981000,64166000,10815000,576937,TI Tr ,,,,
Sberbank ,Financials ,NR ,DP ,-,-,,-,-,-,-,,,,,
Schlumberger ,Energy ,AQ ,AQ ,80,B ,,1940000,1610000,330000,1563500,PGS TI Tr Oth,,,,
Schneider Electric ,Industrials ,AQ ,AQ ,91,A ,,472300,137500,334800,577352,PGS TI Tr ,,,,
Seven & I Holding ,Consumer Staples ,AQ ,AQ ,71,C ,,2615712.94,17033.98,2598678.96,213898,TI Wa,,,,
Shin Etsu Chemical ,Materials ,AQ ,AQ ,24,-,,-,-,-,-,,,,,
Shinhan Financial Group ,Financials ,AQ ,AQ ,73,C ,,38237,4298,33939,-,Oth,,,,
Siemens ,Industrials ,AQ ,AQ ,97,A-,,3228718,1387420,1841298,14203460,PGS TI Tr ,,,,
Sime Darby Berhad ,Industrials ,DP ,NR ,-,-,,-,-,-,-,,,,,
Simon Property Group ,Financials ,AQ ,AQ ,96,A-,,606269,23432,582837,11522,Tr EC ,,,,
Singapore Telecom ,,AQ ,NR ,55,E ,NP,-,-,-,-,-,,,,
Snam Rete Gas ,Utilities ,AQ ,AQ ,51,D ,,2690900,2636000,54900,-,,,,,
Societe Generale ,Financials ,AQ ,AQ ,66,D ,,201558,28115,173443,76177,PGS Tr,,,,
SoftBank ,,DP ,AQ ,-,-,,-,-,-,-,,,,,
Sony Corporation ,Information Technology ,AQ ,AQ ,94,A ,,1644726,361183,1283543,22381000,TI Tr USP ,,,,
Southern Copper Corporation ,Materials ,NR ,NR ,-,-,,-,-,-,-,,,,,
Standard Bank Group ,Financials ,AQ ,AQ ,74,C ,,160561,11195,149366,7336,Tr Oth,,,,
Standard Chartered ,Financials ,AQ ,AQ ,77,B ,,257673,6318,251355,56685,Tr,,,,
Starbucks ,Consumer Discretionary ,AQ ,AQ ,65,C ,,1014105,209828,804277,-,,,,,
State Bank of India ,Financials ,AQ ,AQ ,24,-,,-,-,-,-,,,,,
State Street ,Financials ,AQ ,AQ ,84,B ,,146754,5683,141071,20855,Tr ,,,,
Statoil ,Energy ,AQ ,AQ ,60,E ,,14407321,14179708,227613,37000,Tr,,,,
Steel Authority of India ,Materials ,NR ,NR ,-,-,,-,-,-,-,,,,,
Stryker ,Health Care ,DP ,AQ ,-,-,,-,-,-,-,,,,,
Sumitomo Mitsui Financial Group ,Financials ,AQ ,AQ ,46,-,NP,-,-,-,-,-,,,,
Sun Hung Kai Properties ,Financials ,NR ,NR ,-,-,,-,-,-,-,,,,,
Suncor Energy ,Energy ,AQ ,AQ ,92,A-,,19228524,17039586,2188938,40728,Tr EC Oth ,,,,
Surgutneftegas ,Energy ,NR ,AQ ,-,-,,-,-,-,-,,,,,
Svenska Handelsbanken ,Financials ,AQ ,AQ ,76,C ,,8169.58,17.27,8152.31,2665.99,TI Tr,,,,
Swiss Re ,Financials ,AQ ,AQ ,91,A ,,21721,5190,16531,17665,Tr ,,,,
Swisscom ,,AQ ,AQ ,85,B ,,31077,25422,5655,1570,Tr,,,,
Syngenta International ,Materials ,AQ ,AQ ,88,B ,,985000,684000,301000,319000,TI Tr ,,,,
Sysco ,Consumer Staples ,NR ,NR ,-,-,,-,-,-,-,,,,,
T. IS BANKASI ,Financials ,NR ,DP ,-,-,,-,-,-,-,,,,,
T.GARANTI BANKASI ,Financials ,AQ ,AQ ,74,C ,,59969.48,10703.47,49266.01,1324,Tr,,,,
Taiwan Semiconductor Manufacturing ,Information Technology ,AQ ,AQ ,83,B ,,4427145,1836591,2590554,2493468,PGS Tr TSP Oth,,,,
Takeda Pharmaceutical ,Health Care ,AQ ,AQ ,63,B ,,294609,147880,146729,7719,TSP,,,,
Talisman Energy ,Energy ,AQ ,AQ ,36,-,,12792000,12618000,174000,-,,,,,
Target ,Consumer Discretionary ,AQ ,AQ ,77,C ,,3129941,414968,2714973,22986,Tr,,,,
Tata Consultancy Services ,Information Technology ,AQ ,AQ ,86,C ,,302684,33064,269620,-,Oth ,,,,
Teck ,Materials ,AQ ,AQ ,68,E ,,2948297,2689678,258619,1886,Tr,,,,
Telecom Italia ,,AQ ,AQ ,73,B ,,974305,146045,828260,85829,Tr EC ,,,,
Telefonica ,,AQ ,AQ ,90,B ,,1814799,126652,1688147,47795,TI Tr EC ,,,,
Telekom Indonesia ,,NR ,NR ,-,-,,-,-,-,-,,,,,
Telenor Group ,,AQ ,AQ ,72,C ,,1059344,344881,714463,25120,Fu TI Tr ,,,,
TeliaSonera ,,AQ ,AQ ,72,C ,,263823,18154,245669,35877,PGS Tr TSP,,,,
Telstra Corporation ,,AQ ,AQ ,70,D ,,1482493,81803,1400690,241396,Fu Wa Tr Oth,,,,
Tenaris ,Energy ,NR ,NR ,-,-,,-,-,-,-,-,,,,
Tencent Holdings ,Financials ,NR ,NR ,-,-,,-,-,-,-,-,,,,
Tesco ,Consumer Staples ,AQ ,AQ ,97,A ,,3152927,1889765,3483297,62233,Tr ,,,,
Teva Pharmaceutical Industries ,Health Care ,AQ ,NR ,59,E ,,695441.75,193603.09,501838.66,-,,,,,
Texas Instruments ,Information Technology ,AQ ,AQ ,52,E ,,1956912,831460,1125452,-,,,,,
The Southern Company ,Utilities ,AQ ,IN ,52,D ,,132000000,132000000,-,-,,,,,
The Tokyo Electric Power (TEPCO) ,Utilities ,DP ,AQ ,-,-,,-,-,-,-,,,,,
Thermo Fisher Scientific ,Health Care ,AQ ,AQ ,35,-,,-,-,-,-,,,,,
Thomson Reuters ,Consumer Discretionary ,AQ ,AQ ,63,D ,NP,-,-,-,-,-,,,,
ThyssenKrupp ,Industrials ,AQ ,AQ ,67,D ,,28867441,24085967,4781474,-,,,,,
Time Warner ,Consumer Discretionary ,AQ ,AQ ,45,-,,260618,24767,235851,50525,Tr,,,,
Time Warner Cable ,Consumer Discretionary ,NR ,DP ,-,-,,-,-,-,-,,,,,
TJX Companies ,Consumer Discretionary ,AQ ,AQ ,82,C ,,762410,64250,698160,14300,Tr ,,,,
Tokio Marine Holdings ,Financials ,AQ ,AQ ,79,B ,,69145,17129,52016,4379,Tr ,,,,
Toronto-Dominion Bank ,Financials ,AQ ,AQ ,60,C ,,196180,42464,153716,38561,Tr Ld,,,,
Toshiba ,Information Technology ,AQ ,AQ ,68,C ,,2513970,570197,1943773,59079,TI,,,,
Total ,Energy ,AQ ,AQ ,81,B ,,57000000,51600000,5400000,633600000,TSP USP ,,,,
Toyota Motor ,Consumer Discretionary ,AQ ,AQ ,73,D ,,7057000,2792000,4265000,334145,TI Tr,,,,
TransCanada ,Energy ,NR ,AQ ,-,-,,-,-,-,-,,,,,
Transocean ,Energy ,AQ ,AQ ,71,C ,,1768402,1761738,6664,94699,Tr Oth,,,,
Travelers Companies ,Financials ,AQ ,AQ ,60,D ,,88472,37084,51388,-,,,,,
Tullow Oil ,Energy ,AQ ,AQ ,50,D ,,294531.13,294531.13,-,-,,,,,
Tyco International ,Industrials ,AQ ,AQ ,66,C ,NP,-,-,-,-,-,,,,
U.S. BanCorp ,Financials ,AQ ,AQ ,70,C ,,411379,40445,370934,24256,Tr,,,,
UBS ,Financials ,AQ ,AQ ,91,A ,,276046,27153,248893,89957,PGS Wa Tr ,,,,
Unibail-Rodamco ,Financials ,AQ ,AQ ,75,C ,,117902,22366,95536,1374,Tr ,,,,
Unicredit Group ,Financials ,AQ ,AQ ,70,D ,,469550,100100,369450,24836,Wa Tr Oth,,,,
Unilever ,Consumer Staples ,AQ ,AQ ,79,B ,,2599158,1125515,1473643,-,,,,,
Union Pacific ,Industrials ,AQ ,AQ ,57,D ,,11560004,11207344,352660,-,,,,,
UnitedHealth Group ,Health Care ,AQ ,AQ ,74,D ,NP,-,-,-,-,-,,,,
United Overseas Bank ,Financials ,NR ,NR ,-,-,,-,-,-,-,,,,,
United Technologies ,Industrials ,AQ ,AQ ,58,D ,,1914377,946075,968302,66336,Tr,,,,
UPS ,Industrials ,AQ ,AQ ,99,A-,,12630498,11712803,917695,9864729,Fu Tr EC TSP Fr ,,,,
VALE ,Materials ,AQ ,AQ ,93,B ,,19993423,18711050.35,1282372.68,91212923,PGS TI Tr EC TSP PSP USP ,,,,
Verizon Communications ,,AQ ,AQ ,61,C ,,6062598,567297,5495301,-,,,,,
Viacom ,Consumer Discretionary ,AQ ,AQ ,17,-,NP,-,-,-,-,-,,,,
Vinci ,Industrials ,AQ ,AQ ,75,B ,,2150000,1971500,178500,12862206,USP ,,,,
Visa ,Information Technology ,AQ ,DP ,40,-,NP,-,-,-,-,-,,,,
Vivendi Universal ,Consumer Discretionary ,AQ ,AQ ,51,E ,,296901,22308,274593,28430,Tr,,,,
Vodafone Group ,,AQ ,AQ ,81,B ,,2325463,414121,1911342,2295731,Tr In ,,,,
Volkswagen ,Consumer Discretionary ,AQ ,AQ ,91,B ,,7594928,1287439,6307489,23456849,PGS TI TSP USP ,,,,
Volvo ,Industrials ,AQ ,AQ ,57,D ,NP,-,-,-,-,-,,,,
VTB Bank ,Financials ,NR ,DP ,-,-,,-,-,-,-,,,,,
Wal-Mart de Mexico ,Consumer Staples ,AQ ,AQ(SA) ,51,D ,,1023120,477449,545671,147433,TI Tr,,,,
Wal-Mart Stores ,Consumer Staples ,AQ ,AQ ,85,B ,,21365864,5883816,15482048,42841,TI Tr ,,,,
Walgreens ,Consumer Staples ,AQ ,AQ ,66,C ,,2252701,280991,1971710,-,,,,,
Walt Disney Company ,Consumer Discretionary ,AQ ,AQ ,51,C ,,1465646,550782,914864,-,,,,,
Waste Management ,Industrials ,AQ ,AQ ,61,C ,,24732846,24531046,201800,-,,,,,
WellPoint ,Health Care ,AQ ,AQ ,66,D ,,159871,7151,152720,84493,Tr EC,,,,
Wells Fargo & Company ,Financials ,AQ ,AQ ,81,A-,,1602788,116858,1485930,124316,Tr ,,,,
Wesfarmers ,Financials ,AQ ,AQ ,66,B ,,5510532,2703397,2807135,660642,Fu Wa Tr ,,,,
Westfield Group ,Financials ,AQ ,AQ ,74,C ,,513557,30975,482582,175940,PGS Fu Wa Tr EC ,,,,
Westpac Banking ,Financials ,AQ ,AQ ,96,A ,,200165,9573,190592,70646,Fu Wa Tr ,,,,
Wharf Holdings ,Financials ,NR ,DP ,-,-,,-,-,-,-,,,,,
Wilmar International ,Consumer Staples ,IN ,AQ ,-,-,,-,-,-,-,,,,,
Wipro ,Information Technology ,AQ(L) ,AQ ,-,-,,-,-,-,-,,,,,
Woodside Petroleum ,Energy ,AQ ,AQ ,68,B ,,8326829,8304547,22282,-,,,,,
Woolworths ,Consumer Staples ,AQ ,AQ ,80,B ,,3005155,489347,2515808,724600,TI Wa ,,,,
Xstrata ,Materials ,AQ ,AQ ,75,C ,NP,-,-,-,-, ,,,,
Yahoo Japan ,Information Technology ,AQ ,AQ ,11,-,NP,-,-,-,-, ,,,,
Yahoo! ,Information Technology ,AQ ,AQ ,36,-,,-,-,-,49342,Tr EC,,,,
Yum! Brands ,Consumer Discretionary ,AQ ,AQ ,61,D ,NP,-,-,-,-,-,,,,
Zurich Financial ,Financials ,AQ ,AQ ,63,D ,NP,-,-,-,-,-,,,,
